,boliga_id,address1,address2,zipcode,list_price,living_area,lot_area,rooms,floors,construction_date,energy_rating,taxes_pr_month,bsmnt_area,station_dist_km,created_date,url,gmaps,market_days
0,1764784,Skytteengen 17, 3450 Allerød,3450,3645000,152,129,5,0,1988,B,4074,0,62.2,2021-03-27,https://www.boliga.dk/bolig/1764784,"https://maps.google.com/?q=55.2571,11.27084",0
0,1764349,Bygvænget 10, 3450 Allerød,3450,4995000,153,800,4,0,1969,C,4352,0,20.97,2021-03-27,https://www.boliga.dk/bolig/1764349,"https://maps.google.com/?q=56.102789,12.190414",0
0,1764556,Mågevang 14, 3450 Allerød,3450,7495000,170,700,5,0,2018,A20,4934,0,1.83,2021-03-27,https://www.boliga.dk/bolig/1764556,"https://maps.google.com/?q=55.887438,12.357308",0
0,1764112,Lærkenborg Alle 45, 3450 Allerød,3450,4995000,139,700,6,0,1981,C,4201,0,1.41,2021-03-26,https://www.boliga.dk/bolig/1764112,"https://maps.google.com/?q=55.861731,12.341573",1
0,1762782,Gøgevang 6, 3450 Allerød,3450,3145000,117,700,4,0,1967,D,3886,0,41.72,2021-03-24,https://www.boliga.dk/bolig/1762782,"https://maps.google.com/?q=55.958077,11.435257",3
0,1762055,Meisevang 8, 3450 Allerød,3450,4495000,127,890,4,0,1967,D,4598,127,1.91,2021-03-23,https://www.boliga.dk/bolig/1762055,"https://maps.google.com/?q=55.888062,12.360315",4
0,1759800,Pilealle 14, 3450 Allerød,3450,4995000,184,829,5,0,1952,D,4777,0,92.87,2021-03-17,https://www.boliga.dk/bolig/1759800,"https://maps.google.com/?q=56.156237,10.691566",10
0,1759557,Prøvestens Alle 1, 3450 Allerød,3450,9995000,240,1344,6,0,1916,D,7552,40,0.83,2021-03-17,https://www.boliga.dk/bolig/1759557,"https://maps.google.com/?q=55.870563,12.343783",10
0,1759025,Birkevej 13, 3450 Allerød,3450,3850000,80,788,3,0,1950,F,3287,60,126.52,2021-03-15,https://www.boliga.dk/bolig/1759025,"https://maps.google.com/?q=55.191869,10.246941",12
0,1759014,Cortlandvej 4, 3450 Allerød,3450,5645000,162,876,5,0,1998,C,4763,0,1.63,2021-03-15,https://www.boliga.dk/bolig/1759014,"https://maps.google.com/?q=55.881483,12.338848",12
0,1756416,Gl Lyngevej 43, 3450 Allerød,3450,4995000,143,1030,4,0,1923,C,4707,0,1.31,2021-03-09,https://www.boliga.dk/bolig/1756416,"https://maps.google.com/?q=55.8617374,12.3440905",18
0,1755427,Bakkevej 27, 3450 Allerød,3450,4145000,122,1121,4,0,1959,F,4198,0,17.23,2021-03-06,https://www.boliga.dk/bolig/1755427,"https://maps.google.com/?q=55.760982,11.825118",21
0,1753999,Birkedalsvej 3, 3450 Allerød,3450,4575000,123,713,3,0,1985,B,4509,123,4.29,2021-03-03,https://www.boliga.dk/bolig/1753999,"https://maps.google.com/?q=55.834099,12.155817",24
0,1753621,Gl Amtsvej 28, 3450 Allerød,3450,2775000,129,805,5,0,1901,D,4104,0,0.2,2021-03-02,https://www.boliga.dk/bolig/1753621,"https://maps.google.com/?q=55.869645,12.359065",25
0,1751327,Gravenstensvej 21, 3450 Allerød,3450,4795000,130,715,5,0,1957,D,4022,0,0.84,2021-02-23,https://www.boliga.dk/bolig/1751327,"https://maps.google.com/?q=55.866646,12.345971",32
0,1750625,Lærkenborg Alle 40, 3450 Allerød,3450,4650000,153,854,5,0,1976,D,4925,0,1.47,2021-02-20,https://www.boliga.dk/bolig/1750625,"https://maps.google.com/?q=55.861666,12.34038",35
0,1749871,Prøvestensvej 23, 3450 Allerød,3450,4795000,197,781,7,0,1963,D,5023,49,0.76,2021-02-18,https://www.boliga.dk/bolig/1749871,"https://maps.google.com/?q=55.868606,12.345714",37
0,1746645,Gyvelvej 6, 3450 Allerød,3450,3995000,133,792,5,0,1966,D,4626,0,116.44,2021-02-10,https://www.boliga.dk/bolig/1746645,"https://maps.google.com/?q=56.362522,10.449083",45
0,1746275,Platanhaven 7, 3450 Allerød,3450,4295000,140,902,5,0,1977,D,4445,0,1.62,2021-02-09,https://www.boliga.dk/bolig/1746275,"https://maps.google.com/?q=55.674285,12.381269",46
0,1742127,Allerødvej 19A, 3450 Allerød,3450,5245000,148,772,6,0,1924,D,4343,40,0.47,2021-01-27,https://www.boliga.dk/bolig/1742127,"https://maps.google.com/?q=55.867047,12.359538",59
0,1724544,Kollerød Bygade 2B, 3450 Allerød,3450,4695000,169,757,5,0,2002,C,3965,0,3.54,2020-11-18,https://www.boliga.dk/bolig/1724544,"https://maps.google.com/?q=55.873838,12.300741",129
0,1714098,Tokkekøbvej 11, 3450 Allerød,3450,4495000,184,703,7,0,1961,C,3424,56,0.21,2020-10-13,https://www.boliga.dk/bolig/1714098,"https://maps.google.com/?q=55.872837,12.356577",165
0,1706815,Bjergvej 13, 3450 Allerød,3450,4445000,166,1346,6,0,1994,C,4168,0,163.34,2020-09-21,https://www.boliga.dk/bolig/1706815,"https://maps.google.com/?q=55.369996,9.603157",187
0,1696996,Kollerød Bygade 16, 3450 Allerød,3450,2165000,75,517,3,0,1810,B,2545,0,3.65,2020-08-25,https://www.boliga.dk/bolig/1696996,"https://maps.google.com/?q=55.872403,12.298818",214
0,1638822,Søvangen 1, 3450 Allerød,3450,3100000,102,293,3,0,1988,C,3225,0,175.04,2020-02-26,https://www.boliga.dk/bolig/1638822,"https://maps.google.com/?q=56.644684,9.644723",395
0,1572772,Kollerød Bygade 23, Kollerød,3450,14950000,250,147974,10,0,1996,A10,4350,0,3.93,2019-06-29,https://www.boliga.dk/bolig/1572772,"https://maps.google.com/?q=55.864651,12.295217",637
0,1511475,Skovvejen 21, 3450 Allerød,3450,5595000,173,681,4,0,2021,-,8197,0,10.46,2018-12-27,https://www.boliga.dk/bolig/1511475,"https://maps.google.com/?q=55.734918,12.032653",821
0,1764679,Langkærgårdsvej 23, 3460 Birkerød,3460,4795000,120,715,4,0,1963,D,4566,0,1.84,2021-03-27,https://www.boliga.dk/bolig/1764679,"https://maps.google.com/?q=55.82438,12.430601",0
0,1764751,Abildlunden 37, 3460 Birkerød,3460,5995000,163,857,6,0,1963,D,5422,0,2.27,2021-03-27,https://www.boliga.dk/bolig/1764751,"https://maps.google.com/?q=55.820143,12.422896",0
0,1764828,Furesøbakken 10, 3460 Birkerød,3460,6495000,207,811,8,0,1964,E,7005,0,1.59,2021-03-27,https://www.boliga.dk/bolig/1764828,"https://maps.google.com/?q=55.793036,12.448436",0
0,1763897,Slåenbakken 26, 3460 Birkerød,3460,7695000,206,1000,7,0,1975,E,5871,0,2.18,2021-03-26,https://www.boliga.dk/bolig/1763897,"https://maps.google.com/?q=55.821117,12.428378",1
0,1762760,Søndervangen 96, 3460 Birkerød,3460,7995000,155,2242,6,0,1964,F,6892,85,1.26,2021-03-24,https://www.boliga.dk/bolig/1762760,"https://maps.google.com/?q=55.837662,12.443474",3
0,1761062,Solbjærgsvinget 5, 3460 Birkerød,3460,5995000,154,810,6,0,1967,D,5167,0,2.0,2021-03-20,https://www.boliga.dk/bolig/1761062,"https://maps.google.com/?q=55.858272,12.428486",7
0,1757560,Stenhøjgårdsvej 22, 3460 Birkerød,3460,5995000,145,806,4,0,1970,C,5147,0,118.83,2021-03-11,https://www.boliga.dk/bolig/1757560,"https://maps.google.com/?q=56.03625,10.198048",16
0,1756164,Vestre Teglværksvej 9, 3460 Birkerød,3460,3975000,140,736,5,0,1835,D,4079,0,2.08,2021-03-08,https://www.boliga.dk/bolig/1756164,"https://maps.google.com/?q=55.855702,12.376261",19
0,1755312,Nyvej 3, 3460 Birkerød,3460,6495000,185,271,7,0,1898,E,4319,45,104.77,2021-03-05,https://www.boliga.dk/bolig/1755312,"https://maps.google.com/?q=56.284221,10.58703",22
0,1753516,Bistrupvej 164B, 3460 Birkerød,3460,5250000,142,963,5,0,1966,E,5594,0,1.67,2021-03-02,https://www.boliga.dk/bolig/1753516,"https://maps.google.com/?q=55.825487,12.423179",25
0,1753597,Kajerødvej 92, 3460 Birkerød,3460,7995000,203,1216,6,0,2015,A15,5752,0,0.23,2021-03-02,https://www.boliga.dk/bolig/1753597,"https://maps.google.com/?q=55.839511,12.420822",25
0,1753596,Langedamsti 3, 3460 Birkerød,3460,9150000,270,1083,9,0,2001,C,8378,0,0.93,2021-03-02,https://www.boliga.dk/bolig/1753596,"https://maps.google.com/?q=55.846957,12.433515",25
0,1753104,Furesøparkalle 44, 3460 Birkerød,3460,10000000,189,1024,7,0,1954,C,7821,32,2.28,2021-02-27,https://www.boliga.dk/bolig/1753104,"https://maps.google.com/?q=55.821135,12.435779",28
0,1752206,Abildgårdsparken 6, 3460 Birkerød,3460,8995000,407,1281,11,0,1968,D,13969,230,1.81,2021-02-25,https://www.boliga.dk/bolig/1752206,"https://maps.google.com/?q=55.82431,12.421519",30
0,1750375,Hyrebakken 6, 3460 Birkerød,3460,11595000,205,1525,5,0,1912,C,3579,0,2.87,2021-02-20,https://www.boliga.dk/bolig/1750375,"https://maps.google.com/?q=55.844971,12.378945",35
0,1747311,Johan Mantzius Vej 9A, 3460 Birkerød,3460,5495000,160,594,7,0,1904,D,4557,10,0.34,2021-02-11,https://www.boliga.dk/bolig/1747311,"https://maps.google.com/?q=55.842256,12.428476",44
0,1746705,Kattehalevej 31, 3460 Birkerød,3460,5995000,100,1866,3,0,1760,B,4412,0,2.54,2021-02-10,https://www.boliga.dk/bolig/1746705,"https://maps.google.com/?q=55.851099,12.377008",45
0,1730896,Nordvangsparken 10, 3460 Birkerød,3460,5495000,130,963,4,0,1965,D,5782,130,1.24,2020-12-10,https://www.boliga.dk/bolig/1730896,"https://maps.google.com/?q=55.829409,12.425348",107
0,1730903,Carl Plougs Vej 12, 3460 Birkerød,3460,5995000,109,801,4,0,1984,D,5130,0,3.13,2020-12-10,https://www.boliga.dk/bolig/1730903,"https://maps.google.com/?q=55.862826,12.454352",107
0,1727871,Damgårdsvej 13A, 3460 Birkerød,3460,10975000,177,1308,6,0,2000,B,3827,0,2.58,2020-11-28,https://www.boliga.dk/bolig/1727871,"https://maps.google.com/?q=55.817334,12.424473",119
0,1724788,Skovhjørnet 1, 3460 Birkerød,3460,4695000,130,800,5,0,1972,D,4225,0,18.59,2020-11-18,https://www.boliga.dk/bolig/1724788,"https://maps.google.com/?q=56.000026,12.011944",129
0,1716024,Damgårdsvej 54, 3460 Birkerød,3460,4895000,152,804,5,0,1959,E,4987,0,24.31,2020-10-20,https://www.boliga.dk/bolig/1716024,"https://maps.google.com/?q=55.737048,11.719977",158
0,1714891,Søholmsvej 8, 3460 Birkerød,3460,11500000,225,1929,5,0,1991,C,6930,0,101.15,2020-10-15,https://www.boliga.dk/bolig/1714891,"https://maps.google.com/?q=56.246511,10.617922",163
0,1695355,Biskop Svanes Vej 23, 3460 Birkerød,3460,6995000,238,2749,9,0,1878,E,11477,9,1.46,2020-08-19,https://www.boliga.dk/bolig/1695355,"https://maps.google.com/?q=55.846658,12.444519",220
0,1694965,Nordvanggårdsvej 40, 3460 Birkerød,3460,5995000,269,1310,7,0,1976,C,7142,0,1.52,2020-08-18,https://www.boliga.dk/bolig/1694965,"https://maps.google.com/?q=55.827058,12.428325",221
0,1764710,Hillerødvejen 7, 3480 Fredensborg,3480,4100000,173,1277,6,0,1964,E,3968,0,7.05,2021-03-27,https://www.boliga.dk/bolig/1764710,"https://maps.google.com/?q=55.971253,12.391585",0
0,1764158,Sørupvej 30, Sørup,3480,4245000,217,786,8,0,1954,-,5904,80,29.37,2021-03-26,https://www.boliga.dk/bolig/1764158,"https://maps.google.com/?q=55.23956,11.925693",1
0,1763702,Maglegårdsvej 503, 3480 Fredensborg,3480,3395000,117,642,4,0,1986,C,3682,0,9.27,2021-03-26,https://www.boliga.dk/bolig/1763702,"https://maps.google.com/?q=55.994404,12.397882",1
0,1762508,Sørupvej 29B, Sørup,3480,6995000,305,1222,5,0,1827,B,9029,0,111.33,2021-03-24,https://www.boliga.dk/bolig/1762508,"https://maps.google.com/?q=55.071349,10.570907",3
0,1761968,Nørredamsvej 80, 3480 Fredensborg,3480,3750000,133,701,4,0,1975,G,4180,0,8.7,2021-03-22,https://www.boliga.dk/bolig/1761968,"https://maps.google.com/?q=55.97922,12.414455",5
0,1761756,Nørredamsvej 118, 3480 Fredensborg,3480,4975000,151,823,6,0,1975,C,4517,0,8.87,2021-03-21,https://www.boliga.dk/bolig/1761756,"https://maps.google.com/?q=55.979721,12.417222",6
0,1761563,Vilhelmsro 101, 3480 Fredensborg,3480,3875000,148,914,5,0,1974,E,4161,0,7.94,2021-03-20,https://www.boliga.dk/bolig/1761563,"https://maps.google.com/?q=55.965976,12.41733",7
0,1760941,Sørupvej 72, 3480 Fredensborg,3480,13800000,201,2503,8,0,1939,C,7838,83,207.47,2021-03-19,https://www.boliga.dk/bolig/1760941,"https://maps.google.com/?q=57.370814,10.150362",8
0,1760161,Dr Louises Alle 10, 3480 Fredensborg,3480,5395000,176,918,5,0,1979,C,4195,0,8.31,2021-03-18,https://www.boliga.dk/bolig/1760161,"https://maps.google.com/?q=55.980309,12.403966",9
0,1758804,Kastanievej 32, 3480 Fredensborg,3480,3695000,137,830,5,0,1949,F,4009,45,19.83,2021-03-14,https://www.boliga.dk/bolig/1758804,"https://maps.google.com/?q=56.009442,11.995096",13
0,1758553,Maglegårdsvej 627, 3480 Fredensborg,3480,6995000,213,731,8,0,1979,D,5142,138,9.14,2021-03-13,https://www.boliga.dk/bolig/1758553,"https://maps.google.com/?q=55.993881,12.39555",14
0,1755771,Nødebovej 54, Nødebo,3480,2895000,115,1020,6,0,1937,E,4043,65,7.02,2021-03-06,https://www.boliga.dk/bolig/1755771,"https://maps.google.com/?q=55.986384,12.348075",21
0,1753838,Grønholtvej 94, 3480 Fredensborg,3480,3795000,188,1470,5,0,1900,C,3709,0,7.22,2021-03-02,https://www.boliga.dk/bolig/1753838,"https://maps.google.com/?q=55.943901,12.422461",25
0,1753518,Nørredamsvej 69, 3480 Fredensborg,3480,4995000,182,857,6,0,1974,F,5011,83,8.71,2021-03-02,https://www.boliga.dk/bolig/1753518,"https://maps.google.com/?q=55.979643,12.413935",25
0,1753625,Månedalen 2, 3480 Fredensborg,3480,5195000,165,1198,6,0,1989,D,4775,0,12.28,2021-03-02,https://www.boliga.dk/bolig/1753625,"https://maps.google.com/?q=55.944227,12.030005",25
0,1752797,Båstrupvej 202, 3480 Fredensborg,3480,4295000,135,1019,5,0,1970,D,4303,0,8.18,2021-02-27,https://www.boliga.dk/bolig/1752797,"https://maps.google.com/?q=55.970195,12.416676",28
0,1752429,Kastanievej 31, 3480 Fredensborg,3480,3650000,122,898,5,0,1973,E,3887,0,129.38,2021-02-26,https://www.boliga.dk/bolig/1752429,"https://maps.google.com/?q=55.494956,10.100057",29
0,1752423,Fyrrevej 4, 3480 Fredensborg,3480,7100000,123,797,5,0,1948,B,5615,91,116.2,2021-02-26,https://www.boliga.dk/bolig/1752423,"https://maps.google.com/?q=56.357001,10.447948",29
0,1751376,Veksebovej 10, Veksebo,3480,7245000,262,1158,6,0,1840,D,5326,4,9.44,2021-02-23,https://www.boliga.dk/bolig/1751376,"https://maps.google.com/?q=55.982975,12.424236",32
0,1746396,Veksebovej 29, 3480 Fredensborg,3480,5200000,214,1110,5,0,1917,E,4027,13,9.77,2021-02-09,https://www.boliga.dk/bolig/1746396,"https://maps.google.com/?q=55.97588,12.440663",46
0,1743076,Helsingørsvej 13, 3480 Fredensborg,3480,6795000,227,1086,8,0,1900,F,4754,108,8.39,2021-01-29,https://www.boliga.dk/bolig/1743076,"https://maps.google.com/?q=55.980175,12.405928",57
0,1741217,Båstrupvej 158, 3480 Fredensborg,3480,3725000,135,792,4,0,1970,E,3806,0,8.06,2021-01-23,https://www.boliga.dk/bolig/1741217,"https://maps.google.com/?q=55.969588,12.415142",63
0,1740348,Præstemosevej 1, 3480 Fredensborg,3480,3995000,155,1319,4,0,1900,D,3341,12,72.02,2021-01-20,https://www.boliga.dk/bolig/1740348,"https://maps.google.com/?q=54.815199,12.052166",66
0,1728422,Benediktevej 15, 3480 Fredensborg,3480,5595000,153,1000,6,0,1925,D,4223,81,109.54,2020-12-01,https://www.boliga.dk/bolig/1728422,"https://maps.google.com/?q=56.52897,10.813715",116
0,1725696,Kirkeleddet 125, Båstrup,3480,4895000,191,818,6,0,1988,C,5050,93,8.56,2020-11-21,https://www.boliga.dk/bolig/1725696,"https://maps.google.com/?q=55.974016,12.419189",126
0,1724712,Langerødvej 43B, 3480 Fredensborg,3480,6800000,193,4036,6,0,1930,C,5049,0,11.29,2020-11-18,https://www.boliga.dk/bolig/1724712,"https://maps.google.com/?q=55.984786,12.459382",129
0,1717086,Vilhelmsro 240, 3480 Fredensborg,3480,3795000,132,811,5,0,1976,C,4244,0,7.69,2020-10-23,https://www.boliga.dk/bolig/1717086,"https://maps.google.com/?q=55.964451,12.414321",155
0,1708519,Olaf Poulsens Alle 1A, 3480 Fredensborg,3480,3245000,117,709,4,0,1876,E,3324,0,8.48,2020-09-25,https://www.boliga.dk/bolig/1708519,"https://maps.google.com/?q=55.980965,12.406634",183
0,1705967,Helsingørsvej 18A, 3480 Fredensborg,3480,2995000,150,913,5,0,1976,F,4215,0,8.31,2020-09-17,https://www.boliga.dk/bolig/1705967,"https://maps.google.com/?q=55.979262,12.405869",191
0,1692511,Hillerødvejen 51, 3480 Fredensborg,3480,2995000,140,1395,5,0,1954,F,3946,70,5.73,2020-08-12,https://www.boliga.dk/bolig/1692511,"https://maps.google.com/?q=55.963697,12.375029",227
0,1689856,Toftegårdsvænget 112, 3480 Fredensborg,3480,3595000,184,606,6,0,1972,C,3726,0,7.85,2020-08-04,https://www.boliga.dk/bolig/1689856,"https://maps.google.com/?q=55.970859,12.409262",235
0,1675501,Grønholtvej 61, 3480 Fredensborg,3480,2500000,137,485,5,0,1872,B,3099,0,7.41,2020-06-22,https://www.boliga.dk/bolig/1675501,"https://maps.google.com/?q=55.945061,12.425039",278
0,1663020,Hillerødvejen 49, 3480 Fredensborg,3480,5650000,171,2043,4,0,1940,G,4697,0,5.75,2020-05-17,https://www.boliga.dk/bolig/1663020,"https://maps.google.com/?q=55.96366,12.375685",314
0,1656255,Benediktevej 27, 3480 Fredensborg,3480,2775000,152,861,4,0,1830,C,4716,0,184.22,2020-04-25,https://www.boliga.dk/bolig/1656255,"https://maps.google.com/?q=55.250199,9.298537",336
0,1592600,Endrupvej 6B, 3480 Fredensborg,3480,5795000,255,1470,5,0,1833,C,5646,11,8.59,2019-09-05,https://www.boliga.dk/bolig/1592600,"https://maps.google.com/?q=55.981725,12.407673",569
0,1764173,Porsevænget 18, 2800 Kongens Lyngby,2800,5195000,119,364,4,0,1945,D,3621,25,1.15,2021-03-26,https://www.boliga.dk/bolig/1764173,"https://maps.google.com/?q=55.757608,12.491554",1
0,1764510,Christoffers Alle 69, 2800 Kongens Lyngby,2800,5495000,113,819,5,0,1954,F,4293,113,0.83,2021-03-27,https://www.boliga.dk/bolig/1764510,"https://maps.google.com/?q=55.753769,12.485414",0
0,1763841,Nybrovej 178, 2800 Kongens Lyngby,2800,5995000,121,846,5,0,1947,F,5156,65,0.85,2021-03-26,https://www.boliga.dk/bolig/1763841,"https://maps.google.com/?q=55.764653,12.491056",1
0,1763921,Islandsvej 1A, 2800 Kongens Lyngby,2800,7795000,198,1089,7,0,1930,E,6075,10,4.32,2021-03-26,https://www.boliga.dk/bolig/1763921,"https://maps.google.com/?q=55.427628,12.142853",1
0,1763607,Tjørnevænget 4, 2800 Kongens Lyngby,2800,8495000,131,1083,3,0,1948,D,5131,131,175.71,2021-03-25,https://www.boliga.dk/bolig/1763607,"https://maps.google.com/?q=55.070654,15.135772",2
0,1762881,Islandsvej 1B, 2800 Kongens Lyngby,2800,6795000,160,805,4,0,1961,D,5044,0,2.19,2021-03-24,https://www.boliga.dk/bolig/1762881,"https://maps.google.com/?q=55.79606,12.508195",3
0,1762628,Gammelmosevej 205, 2800 Kongens Lyngby,2800,9245000,305,1343,14,0,1968,C,7537,0,0.55,2021-03-24,https://www.boliga.dk/bolig/1762628,"https://maps.google.com/?q=55.75527,12.48169",3
0,1761309,Gadevangen 3, 2800 Kongens Lyngby,2800,5995000,115,727,3,0,1954,D,5738,81,3.38,2021-03-20,https://www.boliga.dk/bolig/1761309,"https://maps.google.com/?q=55.791349,12.539861",7
0,1761251,Gammel Bagsværdvej 36, 2800 Kongens Lyngby,2800,15500000,346,1182,9,0,1929,C,7868,0,0.76,2021-03-20,https://www.boliga.dk/bolig/1761251,"https://maps.google.com/?q=55.76738,12.491129",7
0,1759098,Lundtoftevej 261A, 2800 Kongens Lyngby,2800,7850000,168,783,6,0,2007,B,5595,0,3.88,2021-03-15,https://www.boliga.dk/bolig/1759098,"https://maps.google.com/?q=55.798225,12.537527",12
0,1758585,Triumfvej 104, 2800 Kongens Lyngby,2800,6495000,125,1031,4,0,1935,E,5880,78,,2021-03-13,https://www.boliga.dk/bolig/1758585,https://maps.google.com/?q=,14
0,1756716,Lyngholmsvej 8, 2800 Kongens Lyngby,2800,4500000,78,672,3,0,1956,E,3831,0,204.54,2021-03-10,https://www.boliga.dk/bolig/1756716,"https://maps.google.com/?q=55.904477,8.800249",17
0,1755939,Møllevænget 35, 2800 Kongens Lyngby,2800,6495000,165,806,5,0,1941,C,4508,66,0.88,2021-03-07,https://www.boliga.dk/bolig/1755939,"https://maps.google.com/?q=55.755086,12.49063",20
0,1753670,Hvidegårdsparken 2, 2800 Kongens Lyngby,2800,5995000,151,742,5,0,1963,G,4876,0,1.5,2021-03-02,https://www.boliga.dk/bolig/1753670,"https://maps.google.com/?q=55.774424,12.528906",25
0,1752863,Hjortekærsvej 174, 2800 Kongens Lyngby,2800,7495000,144,749,5,0,1970,D,6000,66,3.51,2021-02-27,https://www.boliga.dk/bolig/1752863,"https://maps.google.com/?q=55.795741,12.542248",28
0,1752691,Chr. Winthers Vej 42, 2800 Kongens Lyngby,2800,10600000,174,1035,5,0,1942,D,7218,43,1.13,2021-02-26,https://www.boliga.dk/bolig/1752691,"https://maps.google.com/?q=55.769967,12.485379",29
0,1751922,Sophus Schandorphs Vej 29, 2800 Kongens Lyngby,2800,7995000,119,801,5,0,1946,D,5717,58,1.0,2021-02-25,https://www.boliga.dk/bolig/1751922,"https://maps.google.com/?q=55.766537,12.487473",30
0,1751532,Knuds Alle 76, 2800 Kongens Lyngby,2800,6495000,160,1168,5,0,1948,D,5213,86,0.41,2021-02-24,https://www.boliga.dk/bolig/1751532,"https://maps.google.com/?q=55.753792,12.47763",31
0,1751587,Fortunvænget 6, 2800 Kongens Lyngby,2800,6995000,154,784,5,0,1962,F,5903,0,2.35,2021-02-24,https://www.boliga.dk/bolig/1751587,"https://maps.google.com/?q=55.779614,12.541183",31
0,1751203,Blomstervænget 3, 2800 Kongens Lyngby,2800,7995000,120,701,5,0,1936,D,5462,94,189.54,2021-02-23,https://www.boliga.dk/bolig/1751203,"https://maps.google.com/?q=55.021998,9.304767",32
0,1749951,Hjortekærbakken 15, 2800 Kongens Lyngby,2800,12300000,225,898,6,0,2016,A20,9130,120,3.85,2021-02-18,https://www.boliga.dk/bolig/1749951,"https://maps.google.com/?q=55.798826,12.539413",37
0,1749524,Danmarksvej 41A, 2800 Kongens Lyngby,2800,5300000,137,754,7,0,1916,E,5255,61,2.6,2021-02-17,https://www.boliga.dk/bolig/1749524,"https://maps.google.com/?q=55.794395,12.517796",38
0,1749347,Kongshvilebakken 70, 2800 Kongens Lyngby,2800,16995000,129,1200,5,0,1957,D,7589,93,1.05,2021-02-17,https://www.boliga.dk/bolig/1749347,"https://maps.google.com/?q=55.772496,12.47722",38
0,1748987,Peter Rørdams Vej 6, 2800 Kongens Lyngby,2800,8495000,161,846,5,0,1933,D,5721,100,0.57,2021-02-16,https://www.boliga.dk/bolig/1748987,"https://maps.google.com/?q=55.766117,12.517334",39
0,1748393,Kongshvilebakken 30, 2800 Kongens Lyngby,2800,15995000,211,1441,9,0,1950,D,12085,113,1.04,2021-02-13,https://www.boliga.dk/bolig/1748393,"https://maps.google.com/?q=55.772023,12.481533",42
0,1746909,Caroline Amalie Vej 98, 2800 Kongens Lyngby,2800,11950000,201,1052,5,0,1922,C,8010,37,1.37,2021-02-10,https://www.boliga.dk/bolig/1746909,"https://maps.google.com/?q=55.786742,12.503094",45
0,1745395,Bagsværdvej 87B, 2800 Kongens Lyngby,2800,5845000,137,916,4,0,1926,E,5076,52,1.1,2021-02-05,https://www.boliga.dk/bolig/1745395,"https://maps.google.com/?q=55.764761,12.482951",50
0,1745385,Egegårdsvej 24A, 2800 Kongens Lyngby,2800,6495000,137,968,5,0,1963,E,6007,0,1.26,2021-02-05,https://www.boliga.dk/bolig/1745385,"https://maps.google.com/?q=55.684135,12.461039",50
0,1745483,V.Stuckenbergs Vej 21A, 2800 Kongens Lyngby,2800,20500000,259,1017,6,0,1960,B,11383,0,,2021-02-05,https://www.boliga.dk/bolig/1745483,https://maps.google.com/?q=,50
0,1744997,Kulsviervej 124, 2800 Kongens Lyngby,2800,10900000,205,1084,6,0,1947,F,8608,126,2.67,2021-02-04,https://www.boliga.dk/bolig/1744997,"https://maps.google.com/?q=55.799575,12.515317",51
0,1741923,Trongårdsparken 53, 2800 Kongens Lyngby,2800,6995000,149,1200,4,0,1964,D,6455,0,1.68,2021-01-26,https://www.boliga.dk/bolig/1741923,"https://maps.google.com/?q=55.775785,12.53089",60
0,1741888,Enighedsvej 3, 2800 Kongens Lyngby,2800,8250000,157,1079,5,0,1906,F,6082,23,44.04,2021-01-26,https://www.boliga.dk/bolig/1741888,"https://maps.google.com/?q=55.064848,12.102834",60
0,1741385,Agermånevej 1, 2800 Kongens Lyngby,2800,6995000,135,493,5,0,1936,E,5037,74,86.04,2021-01-23,https://www.boliga.dk/bolig/1741385,"https://maps.google.com/?q=54.695906,11.957368",63
0,1740517,Lundtoftevej 131B, 2800 Kongens Lyngby,2800,5495000,150,544,6,0,1953,E,4589,36,2.33,2021-01-21,https://www.boliga.dk/bolig/1740517,"https://maps.google.com/?q=55.789419,12.517812",65
0,1739472,Skovvænget 9, 2800 Kongens Lyngby,2800,8495000,216,1042,6,0,1956,D,8650,117,198.69,2021-01-16,https://www.boliga.dk/bolig/1739472,"https://maps.google.com/?q=55.979814,8.898779",70
0,1737298,Thorsvej 4B, 2800 Kongens Lyngby,2800,8995000,176,667,6,0,1978,C,5736,0,0.58,2021-01-08,https://www.boliga.dk/bolig/1737298,"https://maps.google.com/?q=55.767977,12.493907",78
0,1734677,Tjørnevej 47, 2800 Kongens Lyngby,2800,6995000,118,858,6,0,1943,E,5019,83,31.9,2020-12-22,https://www.boliga.dk/bolig/1734677,"https://maps.google.com/?q=55.278132,11.794066",95
0,1725114,Om Kæret 12, 2800 Kongens Lyngby,2800,5995000,113,980,4,0,1878,C,6327,0,3.38,2020-11-19,https://www.boliga.dk/bolig/1725114,"https://maps.google.com/?q=55.799724,12.526706",128
0,1721234,Tjørnevænget 48, 2800 Kongens Lyngby,2800,6450000,137,871,6,0,1994,D,4683,0,1.13,2020-11-06,https://www.boliga.dk/bolig/1721234,"https://maps.google.com/?q=55.759922,12.490161",141
0,1714393,Hedevænget 5, 2800 Kongens Lyngby,2800,6795000,137,600,5,0,1939,D,4364,80,94.46,2020-10-14,https://www.boliga.dk/bolig/1714393,"https://maps.google.com/?q=55.321807,10.710877",164
0,1710369,Hvidegårdsparken 14, 2800 Kongens Lyngby,2800,5795000,143,1071,6,0,1963,F,5344,0,1.49,2020-10-01,https://www.boliga.dk/bolig/1710369,"https://maps.google.com/?q=55.774592,12.527372",177
0,1706557,Møllevænget 16, 2800 Kongens Lyngby,2800,5995000,147,765,4,0,1951,D,4355,70,175.3,2020-09-18,https://www.boliga.dk/bolig/1706557,"https://maps.google.com/?q=55.06638,15.125404",190
0,1702495,Christoffers Alle 23, 2800 Kongens Lyngby,2800,3250000,98,726,4,0,0,D,3313,0,0.75,2020-09-09,https://www.boliga.dk/bolig/1702495,"https://maps.google.com/?q=55.753337,12.488367",199
0,1700693,Nybrovej 455, Frederiksdal,2800,17000000,259,2219,6,0,1864,D,7279,139,1.86,2020-09-04,https://www.boliga.dk/bolig/1700693,"https://maps.google.com/?q=55.780111,12.445374",204
0,1700624,Skovbrynet 94, 2800 Kongens Lyngby,2800,19795000,238,3281,7,0,1922,C,16072,106,182.69,2020-09-04,https://www.boliga.dk/bolig/1700624,"https://maps.google.com/?q=55.94119,9.15178",204
0,1695965,Huldbergs Alle 50, 2800 Kongens Lyngby,2800,4195000,165,882,6,0,1951,D,4596,72,0.69,2020-08-20,https://www.boliga.dk/bolig/1695965,"https://maps.google.com/?q=55.75161,12.479942",219
0,1663973,Trongårdsvej 53, 2800 Kongens Lyngby,2800,12500000,352,1531,8,0,1962,C,11137,0,1.9,2020-05-20,https://www.boliga.dk/bolig/1663973,"https://maps.google.com/?q=55.777103,12.534402",311
0,1640040,Lundtoftevej 210, 2800 Kongens Lyngby,2800,3995000,167,612,6,0,1904,F,4143,64,3.13,2020-02-29,https://www.boliga.dk/bolig/1640040,"https://maps.google.com/?q=55.797043,12.524849",392
0,1354680,Nybrovej 395, 2800 Kongens Lyngby,2800,60000000,614,12013,16,0,1801,-,35536,212,1.0,2017-08-11,https://www.boliga.dk/bolig/1354680,"https://maps.google.com/?q=55.7657204,12.4877444",1324
0,1764787,Bagsværdvej 199A, 2880 Bagsværd,2880,5695000,87,1048,3,0,1956,D,5594,69,0.43,2021-03-27,https://www.boliga.dk/bolig/1764787,"https://maps.google.com/?q=55.764368,12.458807",0
0,1763089,Højgårds Alle 48, 2880 Bagsværd,2880,7495000,184,815,7,0,1937,E,5835,102,0.69,2021-03-25,https://www.boliga.dk/bolig/1763089,"https://maps.google.com/?q=55.764442,12.443509",2
0,1759916,Skovkanten 10, 2880 Bagsværd,2880,5995000,154,571,7,0,1941,E,4266,82,19.6,2021-03-18,https://www.boliga.dk/bolig/1759916,"https://maps.google.com/?q=55.995554,11.933796",9
0,1758552,Skovbrynet 12, 2880 Bagsværd,2880,5900000,138,1189,5,0,1958,D,6392,0,232.32,2021-03-13,https://www.boliga.dk/bolig/1758552,"https://maps.google.com/?q=55.887054,8.356094",14
0,1757139,Nydamsvej 23A, 2880 Bagsværd,2880,5095000,154,1419,6,0,1955,D,6023,91,0.54,2021-03-11,https://www.boliga.dk/bolig/1757139,"https://maps.google.com/?q=55.767506,12.439661",16
0,1753953,Kornmarken 24, 2880 Bagsværd,2880,4475000,80,610,4,0,1945,E,3904,80,197.47,2021-03-03,https://www.boliga.dk/bolig/1753953,"https://maps.google.com/?q=55.443301,9.007241",24
0,1754093,Skråvej 4, 2880 Bagsværd,2880,7345000,146,1225,7,0,1956,E,7651,50,242.2,2021-03-03,https://www.boliga.dk/bolig/1754093,"https://maps.google.com/?q=56.270264,8.256209",24
0,1753930,Elmevænget 31, 2880 Bagsværd,2880,8995000,210,877,6,0,1955,C,6667,0,0.69,2021-03-03,https://www.boliga.dk/bolig/1753930,"https://maps.google.com/?q=55.768098,12.453815",24
0,1747104,Stenten 8B, 2880 Bagsværd,2880,5995000,150,650,4,0,1977,C,4660,0,0.73,2021-02-11,https://www.boliga.dk/bolig/1747104,"https://maps.google.com/?q=55.766487,12.443388",44
0,1745965,Skovdiget 4, A+B,2880,5495000,269,0,6,0,1760,D,6385,0,161.74,2021-02-06,https://www.boliga.dk/bolig/1745965,"https://maps.google.com/?q=56.384524,9.658448",49
0,1740913,Espegårdsvej 16, 2880 Bagsværd,2880,5495000,154,728,6,0,1969,D,5396,88,19.73,2021-01-22,https://www.boliga.dk/bolig/1740913,"https://maps.google.com/?q=56.081004,12.154764",64
0,1738107,Jægergangen 104, 2880 Bagsværd,2880,6795000,222,1200,8,0,1959,D,6292,0,1.29,2021-01-12,https://www.boliga.dk/bolig/1738107,"https://maps.google.com/?q=55.747867,12.459453",74
0,1737861,Haremosen 18, 2880 Bagsværd,2880,6495000,132,1053,6,0,1965,E,5931,132,0.61,2021-01-11,https://www.boliga.dk/bolig/1737861,"https://maps.google.com/?q=55.759888,12.429548",75
0,1737838,Vibevænget 80, 2880 Bagsværd,2880,6795000,191,817,6,0,1954,C,4523,0,208.81,2021-01-11,https://www.boliga.dk/bolig/1737838,"https://maps.google.com/?q=56.686312,9.06224",75
0,1737406,Slotsparken 88, 2880 Bagsværd,2880,9995000,184,1037,6,0,1952,C,6958,0,0.63,2021-01-08,https://www.boliga.dk/bolig/1737406,"https://maps.google.com/?q=55.767047,12.449329",78
0,1725913,Råvænget 19, 2880 Bagsværd,2880,3595000,88,717,4,0,1955,C,3494,0,1.24,2020-11-23,https://www.boliga.dk/bolig/1725913,"https://maps.google.com/?q=55.746843,12.463445",124
0,1725369,Rylevænget 64, 2880 Bagsværd,2880,4595000,105,710,4,0,1962,D,4019,0,40.12,2020-11-20,https://www.boliga.dk/bolig/1725369,"https://maps.google.com/?q=55.454546,11.543026",127
0,1725457,Aldershvilevej 40, 2880 Bagsværd,2880,9995000,213,1196,6,0,1951,C,7349,140,88.83,2020-11-20,https://www.boliga.dk/bolig/1725457,"https://maps.google.com/?q=55.320747,10.801816",127
0,1718296,Klirevænget 59, 2880 Bagsværd,2880,4295000,131,543,4,0,1963,D,4183,0,0.7,2020-10-28,https://www.boliga.dk/bolig/1718296,"https://maps.google.com/?q=55.750388,12.470911",150
0,1718107,Bagsværd Hovedgade 208, 2880 Bagsværd,2880,4895000,150,954,5,0,1961,D,5668,0,0.52,2020-10-27,https://www.boliga.dk/bolig/1718107,"https://maps.google.com/?q=55.762229,12.445242",151
0,1705470,Klirevænget 57, 2880 Bagsværd,2880,3845000,125,450,4,0,1963,D,4015,0,0.69,2020-09-17,https://www.boliga.dk/bolig/1705470,"https://maps.google.com/?q=55.750447,12.470765",191
0,1702059,Rugtoften 4, 2880 Bagsværd,2880,4195000,220,1089,6,0,1950,C,5525,81,5.17,2020-09-09,https://www.boliga.dk/bolig/1702059,"https://maps.google.com/?q=55.823366,11.986114",199
0,1696053,Lupinmarken 14B, 2880 Bagsværd,2880,3800000,116,1225,4,0,1977,D,2777,0,0.66,2020-08-21,https://www.boliga.dk/bolig/1696053,"https://maps.google.com/?q=55.750772,12.475528",218
0,1675444,Rugtoften 14, 2880 Bagsværd,2880,3995000,90,632,4,0,1947,E,3686,90,189.73,2020-06-21,https://www.boliga.dk/bolig/1675444,"https://maps.google.com/?q=55.419399,9.144639",279
0,1672798,Haremosen 24, 2880 Bagsværd,2880,5795000,176,1265,6,0,1965,D,6419,100,0.66,2020-06-16,https://www.boliga.dk/bolig/1672798,"https://maps.google.com/?q=55.759398,12.429631",284
