boliga_id;address1;address2;zipcode;list_price;living_area;lot_area;rooms;floors;construction_date;energy_rating;taxes_pr_month;bsmnt_area;station_dist_km;created_date;market_days;url;gmaps
1743239;Klokkerbakken 8; 2830 Virum;2830;5495000;91;424;4;0;1944;C;4564;28;150.07;2021-01-30 00:00:00;1;https://www.boliga.dk/bolig/1743239;https://maps.google.com/?q=56.161902,10.15779
1742979;Østervang 22; 3450 Allerød;3450;4195000;130;800;5;0;1970;D;4229;0;14.33;2021-01-29 00:00:00;2;https://www.boliga.dk/bolig/1742979;https://maps.google.com/?q=55.76323,12.478764
1743099;Bredevej 105; 2830 Virum;2830;6995000;157;767;5;0;1923;C;5247;18;1.35;2021-01-29 00:00:00;2;https://www.boliga.dk/bolig/1743099;https://maps.google.com/?q=55.797114,12.493154
1742983;Virum Stationsvej 159; 2830 Virum;2830;7195000;110;758;5;0;1954;D;6180;59;1.06;2021-01-29 00:00:00;2;https://www.boliga.dk/bolig/1742983;https://maps.google.com/?q=55.788137,12.462493
1742624;Rønnealle 38; 3450 Allerød;3450;4675000;154;730;5;0;1962;E;4230;0;200.33;2021-01-28 00:00:00;3;https://www.boliga.dk/bolig/1742624;https://maps.google.com/?q=56.338038,9.24709
1742712;Knuds Alle 22; 2800 Kongens Lyngby;2800;5395000;110;709;4;0;1949;C;4465;80;1.98;2021-01-28 00:00:00;3;https://www.boliga.dk/bolig/1742712;https://maps.google.com/?q=55.753428,12.485723
1742360;Peder Godskes Vej 28; 2830 Virum;2830;6595000;118;848;5;0;1953;G;6063;54;1.3;2021-01-28 00:00:00;3;https://www.boliga.dk/bolig/1742360;https://maps.google.com/?q=55.792349,12.452185
1742441;Anemonevej 41; 3500 Værløse;3500;7695000;163;1266;5;0;1957;D;6173;0;3.47;2021-01-28 00:00:00;3;https://www.boliga.dk/bolig/1742441;https://maps.google.com/?q=55.757581,12.406234
1742031;Marie Grubbes Alle 21; 2800 Kongens Lyngby;2800;4495000;90;440;5;0;1959;D;3689;50;1.98;2021-01-27 00:00:00;4;https://www.boliga.dk/bolig/1742031;https://maps.google.com/?q=55.757862,12.477492
1742127;Allerødvej 19A; 3450 Allerød;3450;5245000;148;772;6;0;1924;D;4343;40;0.59;2021-01-27 00:00:00;4;https://www.boliga.dk/bolig/1742127;https://maps.google.com/?q=55.867047,12.359538
1742195;Hjorthøj 23; 2800 Kongens Lyngby;2800;5495000;112;715;4;0;1965;D;5581;0;3.76;2021-01-27 00:00:00;4;https://www.boliga.dk/bolig/1742195;https://maps.google.com/?q=55.796061,12.537204
1742044;Kirke Værløsevej 44A; 3500 Værløse;3500;5500000;144;788;4;0;1964;D;4263;0;2.9;2021-01-27 00:00:00;4;https://www.boliga.dk/bolig/1742044;https://maps.google.com/?q=55.7852,12.3274708
1741918;Birkedal 19; 2800 Kongens Lyngby;2800;6150000;112;659;5;0;1957;E;5454;66;1.53;2021-01-26 00:00:00;5;https://www.boliga.dk/bolig/1741918;https://maps.google.com/?q=55.76155,12.481781
1741708;Stormly 28; 3500 Værløse;3500;6950000;173;845;6;0;1964;D;5416;0;3.54;2021-01-26 00:00:00;5;https://www.boliga.dk/bolig/1741708;https://maps.google.com/?q=55.75805,12.409151
1741923;Trongårdsparken 53; 2800 Kongens Lyngby;2800;6995000;149;1200;4;0;1964;D;6455;0;1.94;2021-01-26 00:00:00;5;https://www.boliga.dk/bolig/1741923;https://maps.google.com/?q=55.775785,12.53089
1741888;Enighedsvej 3; 2800 Kongens Lyngby;2800;8495000;157;1079;5;0;1906;F;6082;23;82.32;2021-01-26 00:00:00;5;https://www.boliga.dk/bolig/1741888;https://maps.google.com/?q=55.064848,12.102834
1741454;Gl Lyngevej 10; 3450 Allerød;3450;3200000.0;140.0;850.0;4.0;0.0;1920.0;D;4474.0;0.0;1.43;2021-01-23 00:00:00;8;https://www.boliga.dk/bolig/1741454;https://maps.google.com/?q=55.8617374,12.3440905
1741385;Agermånevej 1; 2800 Kongens Lyngby;2800;6995000.0;135.0;493.0;5.0;0.0;1936.0;E;5037.0;74.0;124.33;2021-01-23 00:00:00;8;https://www.boliga.dk/bolig/1741385;https://maps.google.com/?q=54.695906,11.957368
1741153;Skovridergårdsvej 21; 2830 Virum;2830;7250000.0;164.0;800.0;5.0;0.0;1958.0;E;6404.0;0.0;0.46;2021-01-23 00:00:00;8;https://www.boliga.dk/bolig/1741153;https://maps.google.com/?q=55.800083,12.473888
1740944;Ryetvej 66; 3500 Værløse;3500;5650000.0;157.0;1071.0;5.0;0.0;1963.0;C;4982.0;73.0;1.14;2021-01-22 00:00:00;9;https://www.boliga.dk/bolig/1740944;https://maps.google.com/?q=55.790001,12.360768
1740945;Nørrevænget 102; 3500 Værløse;3500;5895000.0;187.0;1027.0;6.0;0.0;1977.0;C;5121.0;0.0;1.22;2021-01-22 00:00:00;9;https://www.boliga.dk/bolig/1740945;https://maps.google.com/?q=55.791546,12.362151
1740517;Lundtoftevej 131B; 2800 Kongens Lyngby;2800;5495000.0;150.0;544.0;6.0;0.0;1953.0;E;4589.0;36.0;2.53;2021-01-21 00:00:00;10;https://www.boliga.dk/bolig/1740517;https://maps.google.com/?q=55.789419,12.517812
1740463;Dybensøvej 2; 2830 Virum;2830;7495000.0;194.0;934.0;6.0;0.0;1954.0;D;8994.0;0.0;1.8;2021-01-21 00:00:00;10;https://www.boliga.dk/bolig/1740463;https://maps.google.com/?q=55.794578,12.443082
1740064;Birkebakken 57; 3460 Birkerød;3460;4495000.0;116.0;840.0;6.0;0.0;1962.0;C;4880.0;0.0;1.93;2021-01-20 00:00:00;11;https://www.boliga.dk/bolig/1740064;https://maps.google.com/?q=55.826057,12.440399
1740231;Lyngen 25; 2800 Kongens Lyngby;2800;5495000.0;110.0;1161.0;5.0;0.0;1955.0;D;4895.0;110.0;1580.61;2021-01-20 00:00:00;11;https://www.boliga.dk/bolig/1740231;https://maps.google.com/?q=69.52462,20.23278
1740023;Sønderskovvej 13; 3460 Birkerød;3460;7495000.0;144.0;3946.0;6.0;0.0;2000.0;D;4385.0;0.0;2.57;2021-01-20 00:00:00;11;https://www.boliga.dk/bolig/1740023;https://maps.google.com/?q=55.844573,12.383322
1740237;Biskop Svanes Vej 60; 3460 Birkerød;3460;10495000.0;270.0;2219.0;9.0;0.0;1892.0;D;9359.0;68.0;2.58;2021-01-20 00:00:00;11;https://www.boliga.dk/bolig/1740237;https://maps.google.com/?q=55.847635,12.462979
1739948;Virum Overdrevsvej 26; 2830 Virum;2830;3495000.0;84.0;0.0;3.0;0.0;2002.0;D;6410.0;0.0;1.34;2021-01-19 00:00:00;12;https://www.boliga.dk/bolig/1739948;https://maps.google.com/?q=55.790909,12.452514
1739855;Kollekollevej 43; 3500 Værløse;3500;3895000.0;144.0;1056.0;5.0;0.0;1946.0;D;4277.0;0.0;0.36;2021-01-19 00:00:00;12;https://www.boliga.dk/bolig/1739855;https://maps.google.com/?q=55.780422,12.377465
1739546;Nybrovej 148; 2800 Kongens Lyngby;2800;4150000.0;90.0;505.0;4.0;0.0;1934.0;E;3855.0;88.0;0.8;2021-01-16 00:00:00;15;https://www.boliga.dk/bolig/1739546;https://maps.google.com/?q=55.762665,12.495011
1739470;Furesø Parkvej 8; Furesøkvarteret;2830;6895000.0;110.0;661.0;4.0;0.0;1948.0;E;5821.0;67.0;1.1;2021-01-16 00:00:00;15;https://www.boliga.dk/bolig/1739470;https://maps.google.com/?q=55.791783,12.456056
1739472;Skovvænget 9; 2800 Kongens Lyngby;2800;8495000.0;216.0;1042.0;6.0;0.0;1956.0;D;8533.0;117.0;39.83;2021-01-16 00:00:00;15;https://www.boliga.dk/bolig/1739472;https://maps.google.com/?q=55.927748,11.933741
1739453;Elme Alle 5  3500 Værløse; 3500 Værløse;3500;9250000.0;198.0;715.0;7.0;0.0;1970.0;D;5603.0;109.0;2.87;2021-01-16 00:00:00;15;https://www.boliga.dk/bolig/1739453;https://maps.google.com/?q=55.759765,12.394429
1738959;Lærketoften 13  3500 Værløse; 3500 Værløse;3500;5975000.0;175.0;700.0;8.0;0.0;1962.0;E;5109.0;0.0;3.76;2021-01-15 00:00:00;16;https://www.boliga.dk/bolig/1738959;https://maps.google.com/?q=55.754404,12.406205
1739157;Birkevang 19A; 3500 Værløse;3500;10495000.0;201.0;911.0;6.0;0.0;2018.0;A15;6059.0;0.0;2.46;2021-01-15 00:00:00;16;https://www.boliga.dk/bolig/1739157;https://maps.google.com/?q=55.764862,12.396717
1738553;Eranthisvej 1; 3450 Allerød;3450;5490000.0;193.0;799.0;7.0;0.0;1966.0;D;5004.0;43.0;82.78;2021-01-14 00:00:00;17;https://www.boliga.dk/bolig/1738553;https://maps.google.com/?q=55.5494,11.170944
1738639;Kongestien 3; 2830 Virum;2830;8495000.0;186.0;814.0;6.0;0.0;1941.0;E;6632.0;0.0;190.16;2021-01-14 00:00:00;17;https://www.boliga.dk/bolig/1738639;https://maps.google.com/?q=57.030966,10.343239
1738400;Blovstrød Byvej 16B; 3450 Allerød;3450;6235000.0;257.0;1858.0;9.0;0.0;1780.0;D;5995.0;0.0;2,08;2021-01-13 00.00.00;18;https://www.boliga.dk/bolig/1738400;https://maps.google.com/?q=55.866561,12.388844
1737140;Lille Værløsevej 92; 3500 Værløse;3500;5150000.0;135.0;803.0;5.0;0.0;1968.0;D;4567.0;0.0;0.79;2021-01-08 00:00:00;23;https://www.boliga.dk/bolig/1737140;https://maps.google.com/?q=55.780822,12.385547
1737419;Fortunfortvej 5B; 2800 Kongens Lyngby;2800;8200000.0;170.0;698.0;5.0;0.0;1970.0;C;5657.0;0.0;2.93;2021-01-08 00:00:00;23;https://www.boliga.dk/bolig/1737419;https://maps.google.com/?q=55.781818,12.542976
1737298;Thorsvej 4B; 2800 Kongens Lyngby;2800;9245000.0;176.0;667.0;6.0;0.0;1978.0;C;5736.0;0.0;0.57;2021-01-08 00:00:00;23;https://www.boliga.dk/bolig/1737298;https://maps.google.com/?q=55.767977,12.493907
1737058;Anemonevej 4; Hareskov;3500;11900000.0;216.0;911.0;7.0;0.0;1973.0;D;6438.0;47.0;53.76;2021-01-07 00:00:00;24;https://www.boliga.dk/bolig/1737058;https://maps.google.com/?q=55.708836,11.527453
1736577;Malmmosevej 131  2830 Virum; 2830 Virum;2830;9995000.0;203.0;900.0;7.0;0.0;1954.0;D;9047.0;119.0;1.96;2021-01-06 00:00:00;25;https://www.boliga.dk/bolig/1736577;https://maps.google.com/?q=55.799416,12.440999
1735777;Tornekrogen 21  3500 Værløse; 3500 Værløse;3500;4995000.0;168.0;710.0;5.0;0.0;1972.0;D;4989.0;0.0;1.13;2020-12-29 00:00:00;33;https://www.boliga.dk/bolig/1735777;https://maps.google.com/?q=55.779603,12.390546
1735489;J N Vinthers Vej 9  3460 Birkerød; 3460 Birkerød;3460;6995000.0;150.0;1182.0;5.0;0.0;1928.0;E;6158.0;57.0;0.34;2020-12-24 00:00:00;38;https://www.boliga.dk/bolig/1735489;https://maps.google.com/?q=55.842887,12.42731
1735535;Furesøhave 4B; 3460 Birkerød;3460;14800000.0;186.0;1811.0;5.0;0.0;1986.0;D;13471.0;0.0;2.66;2020-12-24 00:00:00;38;https://www.boliga.dk/bolig/1735535;https://maps.google.com/?q=55.816799,12.427715
1734677;Tjørnevej 47; 2800 Kongens Lyngby;2800;7250000.0;118.0;858.0;6.0;0.0;1943.0;E;4972.0;83.0;70.59;2020-12-22 00:00:00;40;https://www.boliga.dk/bolig/1734677;https://maps.google.com/?q=55.278132,11.794066
1734460;Skyttevej 15; 3450 Allerød;3450;5150000.0;187.0;1258.0;5.0;0.0;1966.0;C;5498.0;0.0;31,98;2020-12-19;43;https://www.boliga.dk/bolig/1734460;https://maps.google.com/?q=55.640818,12.05556
1733955;Højeloft Vænge 41  3500 Værløse; 3500 Værløse;3500;5495000.0;147.0;749.0;5.0;0.0;1973.0;C;4745.0;0.0;0.67;2020-12-18 00:00:00;44;https://www.boliga.dk/bolig/1733955;https://maps.google.com/?q=55.788619,12.375142
1733263;Fuglevadsvej 71; 2800 Kongens Lyngby;2800;16500000.0;242.0;1518.0;8.0;0.0;1950.0;D;10508.0;131.0;2.03;2020-12-15 00:00:00;47;https://www.boliga.dk/bolig/1733263;https://maps.google.com/?q=55.786478,12.500453
1732282;Lathyrusvej 16; 3500 Værløse;3500;6195000.0;176.0;814.0;6.0;0.0;1962.0;B;4498.0;0.0;167.91;2020-12-12 00:00:00;50;https://www.boliga.dk/bolig/1732282;https://maps.google.com/?q=56.432558,9.938035
1731385;Fuglsanggårds Allé 35; 2830 Virum;2830;6195000.0;169.0;726.0;7.0;0.0;1961.0;F;6056.0;64.0;0.49;2020-12-11 00:00:00;51;https://www.boliga.dk/bolig/1731385;https://maps.google.com/?q=55.792419,12.475726
1730896;Nordvangsparken 10; 3460 Birkerød;3460;5495000.0;130.0;963.0;4.0;0.0;1965.0;D;5782.0;130.0;1.25;2020-12-10 00:00:00;52;https://www.boliga.dk/bolig/1730896;https://maps.google.com/?q=55.829409,12.425348
1730903;Carl Plougs Vej 12; 3460 Birkerød;3460;5995000.0;109.0;801.0;4.0;0.0;1984.0;D;5105.0;0.0;23.54;2020-12-10 00:00:00;52;https://www.boliga.dk/bolig/1730903;https://maps.google.com/?q=56.033063,12.579784
1730811;Geelsskovvej 43; 2830 Virum;2830;7800000.0;118.0;904.0;4.0;0.0;1951.0;E;5264.0;66.0;1.16;2020-12-10 00:00:00;52;https://www.boliga.dk/bolig/1730811;https://maps.google.com/?q=55.799588,12.489161
1730035;Evavej 9; 3500 Værløse;3500;7195000.0;254.0;1003.0;7.0;0.0;1972.0;C;5802.0;0.0;0.29;2020-12-08 00:00:00;54;https://www.boliga.dk/bolig/1730035;https://maps.google.com/?q=55.780033,12.373472
1729436;Teglværksvej 66  3460 Birkerød; 3460 Birkerød;3460;5350000.0;145.0;909.0;5.0;0.0;1978.0;D;5168.0;0.0;1.03;2020-12-04 00:00:00;58;https://www.boliga.dk/bolig/1729436;https://maps.google.com/?q=55.847268,12.412396
1729376;Blomstervænget 18; 2800 Kongens Lyngby;2800;8495000.0;220.0;732.0;6.0;0.0;1937.0;E;6485.0;106.0;110.29;2020-12-04 00:00:00;58;https://www.boliga.dk/bolig/1729376;https://maps.google.com/?q=54.848907,11.856265
1728826;Skolelodden 20; 3450 Allerød;3450;4995000.0;174.0;708.0;5.0;0.0;1967.0;D;4568.0;0.0;26,13;2020-12-02;60;https://www.boliga.dk/bolig/1728826;https://maps.google.com/?q=56.057562,12.100452
1728588;Annexgårdsparken 41; Kirke Værløse;3500;5495000.0;188.0;799.0;6.0;0.0;1971.0;C;4996.0;0.0;3.46;2020-12-02 00:00:00;60;https://www.boliga.dk/bolig/1728588;https://maps.google.com/?q=55.78546,12.318519
1727871;Damgårdsvej 13A; 3460 Birkerød;3460;10975000.0;177.0;1308.0;6.0;0.0;2000.0;B;3751.0;0.0;2.59;2020-11-28 00:00:00;64;https://www.boliga.dk/bolig/1727871;https://maps.google.com/?q=55.817334,12.424473
1727379;Prins Valdemars Alle 15B; 3450 Allerød;3450;3795000.0;161.0;466.0;5.0;0.0;1910.0;D;3850.0;0.0;0,46;2020-11-27;65;https://www.boliga.dk/bolig/1727379;https://maps.google.com/?q=55.868056,12.357127
1727522;Huldbergs Alle 34A  2800 Lyngby; 2800 Kongens Lyngby;2800;4750000.0;121.0;751.0;5.0;0.0;1938.0;E;4445.0;109.0;2.31;2020-11-27 00:00:00;65;https://www.boliga.dk/bolig/1727522;https://maps.google.com/?q=55.752827,12.478594
1727045;Høveltevej 39; 3460 Birkerød;3460;11995000.0;245.0;18329.0;8.0;0.0;1950.0;C;5139.0;115.0;2.88;2020-11-26 00:00:00;66;https://www.boliga.dk/bolig/1727045;https://maps.google.com/?q=55.838685,12.377824
1726505;Hjortevænget 3; 3450 Allerød;3450;4445000.0;174.0;823.0;5.0;0.0;1978.0;C;4487.0;0.0;41,51;2020-11-25;67;https://www.boliga.dk/bolig/1726505;https://maps.google.com/?q=55.939472,11.704488
1725894;Gammel Lundtoftevej 11; 2.;2800;3950000.0;95.0;191.0;4.0;2.0;1900.0;E;2699.0;0.0;0.77;2020-11-22 00:00:00;70;https://www.boliga.dk/bolig/1725894;https://maps.google.com/?q=55.775247,12.501851
1725767;Østervang 31; 3450 Allerød;3450;4495000.0;166.0;800.0;6.0;0.0;1970.0;B;4361.0;0.0;171,42;2020-11-21;71;https://www.boliga.dk/bolig/1725767;https://maps.google.com/?q=55.103829,14.707337
1725242;Egegårdsvej 20B; 2800 Kongens Lyngby;2800;7495000.0;211.0;916.0;5.0;0.0;1964.0;D;6599.0;0.0;175.57;2020-11-20 00:00:00;72;https://www.boliga.dk/bolig/1725242;https://maps.google.com/?q=56.484034,9.98706
1725114;Om Kæret 12; 2800 Kongens Lyngby;2800;5995000.0;113.0;980.0;4.0;0.0;1878.0;C;6327.0;0.0;3.8;2020-11-19 00:00:00;73;https://www.boliga.dk/bolig/1725114;https://maps.google.com/?q=55.799724,12.526706
1724544;Kollerød Bygade 2B  3450 Allerød; 3450 Allerød;3450;4695000.0;169.0;757.0;5.0;0.0;2002.0;C;3965.0;0.0;3,54;2020-11-18;74;https://www.boliga.dk/bolig/1724544;https://maps.google.com/?q=55.873838,12.300741
1724788;Skovhjørnet 1; 3460 Birkerød;3460;4695000.0;130.0;800.0;5.0;0.0;1972.0;D;4225.0;0.0;31.27;2020-11-18 00:00:00;74;https://www.boliga.dk/bolig/1724788;https://maps.google.com/?q=56.000026,12.011944
1723607;Lundtoftevej 145B; 2800 Kongens Lyngby;2800;8500000.0;176.0;819.0;6.0;0.0;2001.0;C;5551.0;0.0;2.78;2020-11-13 00:00:00;79;https://www.boliga.dk/bolig/1723607;https://maps.google.com/?q=55.791592,12.518954
1722395;Tornevangsvej 24; 3460 Birkerød;3460;3950000.0;111.0;1191.0;4.0;0.0;1935.0;0;3909.0;90.0;0.36;2020-11-10 00:00:00;82;https://www.boliga.dk/bolig/1722395;https://maps.google.com/?q=55.842195,12.418729
1722275;Lillevang 29; 3460 Birkerød;3460;5295000.0;238.0;1004.0;6.0;0.0;1961.0;D;5327.0;34.0;207.96;2020-11-10 00:00:00;82;https://www.boliga.dk/bolig/1722275;https://maps.google.com/?q=55.711791,9.117318
1722330;Mosevangen 29; 3460 Birkerød;3460;6245000.0;165.0;802.0;6.0;0.0;1962.0;C;5402.0;0.0;14.5;2020-11-10 00:00:00;82;https://www.boliga.dk/bolig/1722330;https://maps.google.com/?q=55.720413,12.512953
1722351;Horsemosevej 8; 3450 Allerød;3450;6995000.0;196.0;1119.0;6.0;0.0;1938.0;C;5063.0;12.0;127,43;2020-11-10;82;https://www.boliga.dk/bolig/1722351;https://maps.google.com/?q=56.46292,10.600133
1722053;Søndervej 52  2830 Virum; 2830 Virum;2830;10995000.0;184.0;977.0;5.0;0.0;2020.0;A15;6920.0;0.0;1.33;2020-11-09 00:00:00;83;https://www.boliga.dk/bolig/1722053;https://maps.google.com/?q=55.794934,12.450561
1721877;Lucernevej 9; 3450 Allerød;3450;3945000.0;113.0;800.0;5.0;0.0;1965.0;D;4669.0;113.0;19,52;2020-11-07;85;https://www.boliga.dk/bolig/1721877;https://maps.google.com/?q=56.047379,12.343919
1721595;Hørmarken 8; 3450 Allerød;3450;4795000.0;164.0;819.0;7.0;0.0;1969.0;D;4731.0;95.0;26,66;2020-11-07;85;https://www.boliga.dk/bolig/1721595;https://maps.google.com/?q=56.063851,12.101347
1721601;Bygaden 2  3500 Værløse; 3500 Værløse;3500;5995000.0;194.0;742.0;5.0;0.0;1920.0;C;5665.0;118.0;3.15;2020-11-07 00:00:00;85;https://www.boliga.dk/bolig/1721601;https://maps.google.com/?q=55.784909,12.323307
1721234;Tjørnevænget 48; 2800 Kongens Lyngby;2800;6450000.0;137.0;871.0;6.0;0.0;1994.0;D;4683.0;0.0;1.23;2020-11-06 00:00:00;86;https://www.boliga.dk/bolig/1721234;https://maps.google.com/?q=55.759922,12.490161
1719550;Fredensvej 14  3460 Birkerød; 3460 Birkerød;3460;3995000.0;138.0;926.0;3.0;0.0;1936.0;C;5793.0;155.0;0.93;2020-10-31 00:00:00;92;https://www.boliga.dk/bolig/1719550;https://maps.google.com/?q=55.843184,12.437793
1719520;Anyvej 16  3500 Værløse; 3500 Værløse;3500;6995000.0;223.0;1031.0;6.0;0.0;1962.0;D;5730.0;56.0;0.36;2020-10-31 00:00:00;92;https://www.boliga.dk/bolig/1719520;https://maps.google.com/?q=55.779414,12.373931
1719058;Røglevej 94; 3450 Allerød;3450;4195000.0;168.0;1463.0;5.0;0.0;1959.0;E;5378.0;0.0;2,28;2020-10-30;93;https://www.boliga.dk/bolig/1719058;https://maps.google.com/?q=55.858593,12.33016
1716530;Stenhøjgårdsvej 19; 3460 Birkerød;3460;3995000.0;158.0;817.0;6.0;0.0;1957.0;F;5063.0;0.0;140.79;2020-10-22 00:00:00;101;https://www.boliga.dk/bolig/1716530;https://maps.google.com/?q=56.036821,10.198032
1716747;Skovsvinget 8B; 2800 Kongens Lyngby;2800;5995000.0;152.0;931.0;5.0;0.0;1962.0;F;7037.0;0.0;3.27;2020-10-22 00:00:00;101;https://www.boliga.dk/bolig/1716747;https://maps.google.com/?q=55.788575,12.540602
1716256;Birkedalsvej 8; 3450 Allerød;3450;6795000.0;223.0;822.0;5.0;0.0;1935.0;C;4723.0;0.0;53,96;2020-10-21;102;https://www.boliga.dk/bolig/1716256;https://maps.google.com/?q=55.44502,11.952251
1716024;Damgårdsvej 54; 3460 Birkerød;3460;4995000.0;152.0;804.0;5.0;0.0;1959.0;E;4962.0;0.0;45.63;2020-10-20 00:00:00;103;https://www.boliga.dk/bolig/1716024;https://maps.google.com/?q=55.737048,11.719977
1715695;Åvej 33; Hareskov;3500;6695000.0;127.0;788.0;5.0;0.0;1968.0;D;5468.0;52.0;171.81;2020-10-18 00:00:00;105;https://www.boliga.dk/bolig/1715695;https://maps.google.com/?q=55.942241,9.644026
1714889;Fortunparken 20; 2800 Kongens Lyngby;2800;6995000.0;158.0;1056.0;5.0;0.0;1962.0;E;5606.0;26.0;2.65;2020-10-15 00:00:00;108;https://www.boliga.dk/bolig/1714889;https://maps.google.com/?q=55.778723,12.540972
1714891;Søholmsvej 8; 3460 Birkerød;3460;12495000.0;225.0;1929.0;5.0;0.0;1991.0;C;6932.0;0.0;121.27;2020-10-15 00:00:00;108;https://www.boliga.dk/bolig/1714891;https://maps.google.com/?q=56.246511,10.617922
1714393;Hedevænget 5  2800 Lyngby; 2800 Kongens Lyngby;2800;6795000.0;137.0;600.0;5.0;0.0;1939.0;D;4364.0;80.0;1.4;2020-10-14 00:00:00;109;https://www.boliga.dk/bolig/1714393;https://maps.google.com/?q=55.757274,12.492162
1714433;Rolighedsvej 15A; Hareskov;3500;9250000.0;228.0;1208.0;6.0;0.0;1960.0;C;6958.0;0.0;134.4;2020-10-14 00:00:00;109;https://www.boliga.dk/bolig/1714433;https://maps.google.com/?q=55.239746,10.47328
1714098;Tokkekøbvej 11; 3450 Allerød;3450;4595000.0;184.0;703.0;7.0;0.0;1961.0;C;3377.0;56.0;0,08;2020-10-13;110;https://www.boliga.dk/bolig/1714098;https://maps.google.com/?q=55.872837,12.356577
1714102;Damgårdsvej 46; 3460 Birkerød;3460;5950000.0;151.0;862.0;5.0;0.0;1958.0;E;5660.0;43.0;45.72;2020-10-13 00:00:00;110;https://www.boliga.dk/bolig/1714102;https://maps.google.com/?q=55.736959,11.718477
1713803;Gl Lyngevej 86B; 3450 Allerød;3450;4495000.0;170.0;567.0;4.0;0.0;1900.0;C;4334.0;0.0;1,43;2020-10-11;112;https://www.boliga.dk/bolig/1713803;https://maps.google.com/?q=55.8617374,12.3440905
1712322;Bakkevej 16; 3450 Allerød;3450;4195000.0;159.0;1089.0;6.0;0.0;1920.0;D;5062.0;0.0;12,63;2020-10-07;116;https://www.boliga.dk/bolig/1712322;https://maps.google.com/?q=55.835647,12.548119
1711938;Guldborgvej 6; 3450 Allerød;3450;6250000.0;194.0;946.0;7.0;0.0;1997.0;C;4437.0;0.0;125,35;2020-10-06;117;https://www.boliga.dk/bolig/1711938;https://maps.google.com/?q=54.792589,11.796664
1711169;Kongevejen 65; 2800 Kongens Lyngby;2800;6995000.0;198.0;1104.0;7.0;0.0;1926.0;D;6505.0;106.0;193.95;2020-10-02 00:00:00;121;https://www.boliga.dk/bolig/1711169;https://maps.google.com/?q=57.035542,10.347263
1710369;Hvidegårdsparken 14  2800 Lyngby; 2800 Kongens Lyngby;2800;5995000.0;143.0;1071.0;6.0;0.0;1963.0;F;5344.0;0.0;1.69;2020-10-01 00:00:00;122;https://www.boliga.dk/bolig/1710369;https://maps.google.com/?q=55.774592,12.527372
1710217;Bredevej 38; 2830 Virum;2830;7995000.0;242.0;995.0;8.0;0.0;1943.0;E;7358.0;91.0;144.04;2020-09-30 00:00:00;123;https://www.boliga.dk/bolig/1710217;https://maps.google.com/?q=56.232101,10.297145
1709447;Hasselvej 88; 2830 Virum;2830;5950000.0;160.0;725.0;6.0;0.0;1945.0;C;5672.0;100.0;0.82;2020-09-29 00:00:00;124;https://www.boliga.dk/bolig/1709447;https://maps.google.com/?q=55.791045,12.481094
1709468;Tjørnevej 20; 2800 Kongens Lyngby;2800;6995000.0;141.0;944.0;3.0;0.0;1925.0;D;5082.0;82.0;70.45;2020-09-29 00:00:00;124;https://www.boliga.dk/bolig/1709468;https://maps.google.com/?q=55.279427,11.794781
1709219;Nøjsomhedsvej 42A; 2800 Kongens Lyngby;2800;7495000.0;192.0;800.0;6.0;0.0;1972.0;D;7061.0;51.0;3.38;2020-09-28 00:00:00;125;https://www.boliga.dk/bolig/1709219;https://maps.google.com/?q=55.797911,12.515046
1707472;Mølleåsen 8  2800 Lyngby; 2800 Kongens Lyngby;2800;8249000.0;178.0;603.0;7.0;0.0;2015.0;A20;4818.0;0.0;1.34;2020-09-22 00:00:00;131;https://www.boliga.dk/bolig/1707472;https://maps.google.com/?q=55.757421,12.493842
1706815;Bjergvej 13; 3450 Allerød;3450;4445000.0;166.0;1346.0;6.0;0.0;1994.0;C;4168.0;0.0;182,29;2020-09-21;132;https://www.boliga.dk/bolig/1706815;https://maps.google.com/?q=55.369996,9.603157
1706557;Møllevænget 16; 2800 Kongens Lyngby;2800;5995000.0;147.0;765.0;4.0;0.0;1951.0;D;4355.0;70.0;183.53;2020-09-18 00:00:00;135;https://www.boliga.dk/bolig/1706557;https://maps.google.com/?q=55.06638,15.125404
1704329;Gammel Høveltevej 1; 3460 Birkerød;3460;14500000.0;249.0;2389.0;7.0;0.0;2011.0;A1;6440.0;0.0;3.13;2020-09-14 00:00:00;139;https://www.boliga.dk/bolig/1704329;https://maps.google.com/?q=55.835401,12.374657
1702495;Christoffers Alle 23; 2800 Kongens Lyngby;2800;3250000.0;98.0;726.0;4.0;0.0;0.0;D;3313.0;0.0;1.9;2020-09-09 00:00:00;144;https://www.boliga.dk/bolig/1702495;https://maps.google.com/?q=55.753337,12.488367
1701836;Trongårdsparken 30; 2800 Kongens Lyngby;2800;6595000.0;199.0;1208.0;6.0;0.0;1963.0;E;5991.0;0.0;1.96;2020-09-09 00:00:00;144;https://www.boliga.dk/bolig/1701836;https://maps.google.com/?q=55.77542,12.53149
1701669;Læhegnet 3; 3450 Allerød;3450;8495000.0;232.0;889.0;6.0;0.0;1969.0;D;5934.0;70.0;142,97;2020-09-08;145;https://www.boliga.dk/bolig/1701669;https://maps.google.com/?q=55.063659,10.60103
1701123;Hedevænget 1; 2800 Kongens Lyngby;2800;4950000.0;80.0;665.0;3.0;0.0;1939.0;D;3877.0;0.0;123.63;2020-09-05 00:00:00;148;https://www.boliga.dk/bolig/1701123;https://maps.google.com/?q=55.321875,10.709517
1700693;Nybrovej 455; Frederiksdal;2800;17000000.0;259.0;2219.0;6.0;0.0;1864.0;D;7465.0;139.0;1.0;2020-09-04 00:00:00;149;https://www.boliga.dk/bolig/1700693;https://maps.google.com/?q=55.7657204,12.4877444
1700624;Skovbrynet 94; 2800 Kongens Lyngby;2800;19795000.0;238.0;3281.0;7.0;0.0;1922.0;C;16072.0;106.0;1.71;2020-09-04 00:00:00;149;https://www.boliga.dk/bolig/1700624;https://maps.google.com/?q=55.783285,12.496863
1699474;Tibbevangen 95; Hareskov;3500;4995000.0;160.0;827.0;4.0;0.0;1971.0;C;4289.0;89.0;4.07;2020-09-02 00:00:00;151;https://www.boliga.dk/bolig/1699474;https://maps.google.com/?q=55.753506,12.412503
1699341;Marianelundsvej 11; 3460 Birkerød;3460;7995000.0;239.0;990.0;7.0;0.0;1951.0;C;6907.0;120.0;19.71;2020-09-01 00:00:00;152;https://www.boliga.dk/bolig/1699341;https://maps.google.com/?q=56.013199,12.493849
1697407;Vildrosevej 25  3500 Værløse; 3500 Værløse;3500;9475000.0;199.0;1020.0;6.0;0.0;2004.0;C;7257.0;0.0;3.34;2020-08-26 00:00:00;158;https://www.boliga.dk/bolig/1697407;https://maps.google.com/?q=55.758713,12.405361
1696996;Kollerød Bygade 16  3450 Allerød; 3450 Allerød;3450;2165000.0;75.0;517.0;3.0;0.0;1810.0;B;2545.0;0.0;3,66;2020-08-25;159;https://www.boliga.dk/bolig/1696996;https://maps.google.com/?q=55.872403,12.298818
1696792;Lyngevej 138; 3450 Allerød;3450;5095000.0;140.0;1148.0;4.0;0.0;1962.0;D;4356.0;0.0;2,03;2020-08-24;160;https://www.boliga.dk/bolig/1696792;https://maps.google.com/?q=55.857419,12.3384
1696895;Damgårdsvej 15; 3460 Birkerød;3460;7995000.0;200.0;561.0;6.0;0.0;1934.0;D;8234.0;45.0;179.16;2020-08-24 00:00:00;160;https://www.boliga.dk/bolig/1696895;https://maps.google.com/?q=55.885694,9.563305
1696632;Virumvej 6; 2830 Virum;2830;6495000.0;126.0;560.0;5.0;0.0;1934.0;D;4228.0;63.0;1.18;2020-08-23 00:00:00;161;https://www.boliga.dk/bolig/1696632;https://maps.google.com/?q=55.789004,12.485704
1695965;Huldbergs Alle 50; 2800 Kongens Lyngby;2800;4195000.0;165.0;882.0;6.0;0.0;1951.0;D;4596.0;72.0;2.36;2020-08-20 00:00:00;164;https://www.boliga.dk/bolig/1695965;https://maps.google.com/?q=55.75161,12.479942
1695355;Biskop Svanes Vej 23  3460 Birkerød; 3460 Birkerød;3460;6995000.0;238.0;2749.0;9.0;0.0;1878.0;E;11477.0;9.0;1.47;2020-08-19 00:00:00;165;https://www.boliga.dk/bolig/1695355;https://maps.google.com/?q=55.846658,12.444519
1694965;Nordvanggårdsvej 40; 3460 Birkerød;3460;5995000.0;269.0;1310.0;7.0;0.0;1976.0;C;7117.0;0.0;1.53;2020-08-18 00:00:00;166;https://www.boliga.dk/bolig/1694965;https://maps.google.com/?q=55.827058,12.428325
1693855;Furesøhøj 7  2830 Virum; 2830 Virum;2830;23995000.0;252.0;1372.0;6.0;0.0;1996.0;B;18201.0;47.0;2.28;2020-08-14 00:00:00;170;https://www.boliga.dk/bolig/1693855;https://maps.google.com/?q=55.797838,12.435522
1692264;Vasevej 75; 3460 Birkerød;3460;5499000.0;279.0;1182.0;8.0;0.0;1933.0;D;6011.0;74.0;1.91;2020-08-11 00:00:00;173;https://www.boliga.dk/bolig/1692264;https://maps.google.com/?q=55.828028,12.444453
1691802;Gl Amtsvej 30; 3450 Allerød;3450;1995000;77;792;3;0;1900;E;3638;0;0.33;2020-08-10 00:00:00;174;https://www.boliga.dk/bolig/1691802;https://maps.google.com/?q=55.869415,12.359063
1691068;Melchiorsvej 30; 3450 Allerød;3450;6375000.0;168.0;1012.0;6.0;0.0;1996.0;C;5270.0;94.0;0,64;2020-08-07;177;https://www.boliga.dk/bolig/1691068;https://maps.google.com/?q=55.877996,12.356511
1688427;Gammel Lundtoftevej 42; 2800 Kongens Lyngby;2800;4675000.0;107.0;258.0;6.0;0.0;1808.0;D;4162.0;0.0;1.07;2020-07-29 00:00:00;186;https://www.boliga.dk/bolig/1688427;https://maps.google.com/?q=55.777702,12.506541
1685601;Abildgårdsparken 12; 3460 Birkerød;3460;5995000.0;180.0;1640.0;11.0;0.0;1969.0;E;6380.0;198.0;1.78;2020-07-22 00:00:00;193;https://www.boliga.dk/bolig/1685601;https://maps.google.com/?q=55.824688,12.421096
1682570;Dalsø Park 62; 3500 Værløse;3500;5495000.0;146.0;603.0;5.0;0.0;1980.0;C;5203.0;0.0;1.92;2020-07-10 00:00:00;205;https://www.boliga.dk/bolig/1682570;https://maps.google.com/?q=55.781655,12.34287
1681460;Frederiksborgvej 111; 3500 Værløse;3500;3595000.0;146.0;897.0;5.0;0.0;1945.0;D;2181.0;80.0;5.45;2020-07-08 00:00:00;207;https://www.boliga.dk/bolig/1681460;https://maps.google.com/?q=55.8310003,12.3591779
1680346;Poppel Alle 78  3500 Værløse; 3500 Værløse;3500;10000000.0;155.0;2763.0;4.0;0.0;1923.0;E;7685.0;91.0;2.93;2020-07-04 00:00:00;211;https://www.boliga.dk/bolig/1680346;https://maps.google.com/?q=55.759706,12.396177
1674026;Kulsviertoften 1; 2800 Kongens Lyngby;2800;5800000.0;135.0;537.0;4.0;0.0;1964.0;E;4751.0;43.0;2.47;2020-06-17 00:00:00;228;https://www.boliga.dk/bolig/1674026;https://maps.google.com/?q=55.789134,12.516821
1673166;Hjortekærsvej 70  2800 Lyngby; 2800 Kongens Lyngby;2800;7500000.0;195.0;801.0;6.0;0.0;1954.0;D;6207.0;70.0;2.91;2020-06-16 00:00:00;229;https://www.boliga.dk/bolig/1673166;https://maps.google.com/?q=55.782631,12.541816
1665981;Bistrup Byvej 3; 3460 Birkerød;3460;6350000.0;183.0;1330.0;6.0;0.0;1877.0;E;6745.0;0.0;1.57;2020-05-27 00:00:00;249;https://www.boliga.dk/bolig/1665981;https://maps.google.com/?q=55.826656,12.427005
1663973;Trongårdsvej 53; 2800 Kongens Lyngby;2800;12500000.0;352.0;1531.0;8.0;0.0;1962.0;C;11137.0;0.0;2.2;2020-05-20 00:00:00;256;https://www.boliga.dk/bolig/1663973;https://maps.google.com/?q=55.777103,12.534402
1663124;Ravnehusvej 43; 3500 Værløse;3500;8995000.0;194.0;1149.0;5.0;0.0;1972.0;E;6656.0;45.0;2.39;2020-05-18 00:00:00;258;https://www.boliga.dk/bolig/1663124;https://maps.google.com/?q=55.762381,12.385665
1655928;Johan Mantzius Vej 9A  3460 Birkerød; 3460 Birkerød;3460;5495000.0;160.0;594.0;7.0;0.0;1904.0;E;4590.0;10.0;0.35;2020-04-24 00:00:00;282;https://www.boliga.dk/bolig/1655928;https://maps.google.com/?q=55.842256,12.428476
1655124;Johan Mantzius Vej 43; 3460 Birkerød;3460;6695000.0;162.0;974.0;5.0;0.0;2009.0;B;5531.0;0.0;0.65;2020-04-22 00:00:00;284;https://www.boliga.dk/bolig/1655124;https://maps.google.com/?q=55.846357,12.425168
1652975;Høveltsvangsvej 90; 3450 Allerød;3450;6595000.0;196.0;6477.0;1.0;0.0;1971.0;-;2287.0;0.0;2,81;2020-04-10;296;https://www.boliga.dk/bolig/1652975;https://maps.google.com/?q=55.848495,12.341957
1640040;Lundtoftevej 210; 2800 Kongens Lyngby;2800;3995000.0;167.0;612.0;6.0;0.0;1904.0;F;4143.0;64.0;3.48;2020-02-29 00:00:00;337;https://www.boliga.dk/bolig/1640040;https://maps.google.com/?q=55.797043,12.524849
1638822;Søvangen 1; 3450 Allerød;3450;3100000.0;102.0;293.0;3.0;0.0;1988.0;C;3225.0;0.0;188,82;2020-02-26;340;https://www.boliga.dk/bolig/1638822;https://maps.google.com/?q=56.644684,9.644723
1620436;Kollerødvej 51; 3450 Allerød;3450;13500000.0;501.0;4059.0;9.0;0.0;1823.0;D;15535.0;0.0;0,99;2019-12-10;418;https://www.boliga.dk/bolig/1620436;https://maps.google.com/?q=55.867812,12.343593
1612567;Furesøhave 4A; 3460 Birkerød;3460;9295000.0;183.0;826.0;6.0;0.0;1985.0;C;10072.0;114.0;2.63;2019-11-08 00:00:00;450;https://www.boliga.dk/bolig/1612567;https://maps.google.com/?q=55.817039,12.427624
1610773;Virumvej 118; 2830 Virum;2830;3650000.0;133.0;439.0;1.0;0.0;1888.0;-;3969.0;0.0;1.05;2019-11-01 00:00:00;457;https://www.boliga.dk/bolig/1610773;https://maps.google.com/?q=55.789041,12.460678
1604801;Birkholmsvej 20; 2800 Kongens Lyngby;2800;6675000.0;121.0;839.0;3.0;0.0;1938.0;D;5569.0;119.0;0.82;2019-10-12 00:00:00;477;https://www.boliga.dk/bolig/1604801;https://maps.google.com/?q=55.768245,12.515973
1572772;Kollerød Bygade 23; Kollerød;3450;14950000.0;250.0;147974.0;10.0;0.0;1996.0;A10;4544.0;0.0;3,97;2019-06-29;582;https://www.boliga.dk/bolig/1572772;https://maps.google.com/?q=55.864651,12.295217
1511475;Skovvejen 21  3450 Allerød; 3450 Allerød;3450;5245000.0;173.0;681.0;4.0;0.0;2019.0;-;7732.0;0.0;1,19;2018-12-27;766;https://www.boliga.dk/bolig/1511475;https://maps.google.com/?q=55.871444,12.376179
1485565;Enhøjsvej 22; 3450 Allerød;3450;4495000.0;219.0;1182.0;7.0;0.0;1949.0;D;5315.0;102.0;2,5;2018-09-24;860;https://www.boliga.dk/bolig/1485565;https://maps.google.com/?q=55.852541,12.338201
1354680;Nybrovej 395; 2800 Kongens Lyngby;2800;60000000.0;614.0;12013.0;16.0;0.0;1801.0;-;35739.0;212.0;1.0;2017-08-11 00:00:00;1269;https://www.boliga.dk/bolig/1354680;https://maps.google.com/?q=55.7657204,12.4877444
1738553;;;3450;;;;;;;;;;;;;;
1738400;;;3450;;;;;;;;;;;;;;
1734460;;;3450;;;;;;;;;;;;;;
1728826;;;3450;;;;;;;;;;;;;;
1727379;;;3450;;;;;;;;;;;;;;
1726505;;;3450;;;;;;;;;;;;;;
1725767;;;3450;;;;;;;;;;;;;;
1724544;;;3450;;;;;;;;;;;;;;
1722351;;;3450;;;;;;;;;;;;;;
1721877;;;3450;;;;;;;;;;;;;;
1721595;;;3450;;;;;;;;;;;;;;
1719058;;;3450;;;;;;;;;;;;;;
1716256;;;3450;;;;;;;;;;;;;;
1714098;;;3450;;;;;;;;;;;;;;
1713803;;;3450;;;;;;;;;;;;;;
1712322;;;3450;;;;;;;;;;;;;;
1711938;;;3450;;;;;;;;;;;;;;
1706815;;;3450;;;;;;;;;;;;;;
1701669;;;3450;;;;;;;;;;;;;;
1696996;;;3450;;;;;;;;;;;;;;
1696792;;;3450;;;;;;;;;;;;;;
1694970;;;3450;;;;;;;;;;;;;;
1691068;;;3450;;;;;;;;;;;;;;
1652975;;;3450;;;;;;;;;;;;;;
1638822;;;3450;;;;;;;;;;;;;;
1620436;;;3450;;;;;;;;;;;;;;
1572772;;;3450;;;;;;;;;;;;;;
1511475;;;3450;;;;;;;;;;;;;;
1485565;;;3450;;;;;;;;;;;;;;
1739453;;;3500;;;;;;;;;;;;;;
1739157;;;3500;;;;;;;;;;;;;;
1738959;;;3500;;;;;;;;;;;;;;
1737140;;;3500;;;;;;;;;;;;;;
1737058;;;3500;;;;;;;;;;;;;;
1735777;;;3500;;;;;;;;;;;;;;
1733955;;;3500;;;;;;;;;;;;;;
1732282;;;3500;;;;;;;;;;;;;;
1730035;;;3500;;;;;;;;;;;;;;
1728588;;;3500;;;;;;;;;;;;;;
1721601;;;3500;;;;;;;;;;;;;;
1719520;;;3500;;;;;;;;;;;;;;
1715695;;;3500;;;;;;;;;;;;;;
1714433;;;3500;;;;;;;;;;;;;;
1699474;;;3500;;;;;;;;;;;;;;
1697407;;;3500;;;;;;;;;;;;;;
1682570;;;3500;;;;;;;;;;;;;;
1681460;;;3500;;;;;;;;;;;;;;
1680346;;;3500;;;;;;;;;;;;;;
1663124;;;3500;;;;;;;;;;;;;;
1735489;;;3460;;;;;;;;;;;;;;
1735535;;;3460;;;;;;;;;;;;;;
1730896;;;3460;;;;;;;;;;;;;;
1730903;;;3460;;;;;;;;;;;;;;
1729436;;;3460;;;;;;;;;;;;;;
1727871;;;3460;;;;;;;;;;;;;;
1727045;;;3460;;;;;;;;;;;;;;
1724788;;;3460;;;;;;;;;;;;;;
1722395;;;3460;;;;;;;;;;;;;;
1722275;;;3460;;;;;;;;;;;;;;
1722330;;;3460;;;;;;;;;;;;;;
1719550;;;3460;;;;;;;;;;;;;;
1716530;;;3460;;;;;;;;;;;;;;
1716024;;;3460;;;;;;;;;;;;;;
1714891;;;3460;;;;;;;;;;;;;;
1714102;;;3460;;;;;;;;;;;;;;
1704329;;;3460;;;;;;;;;;;;;;
1699341;;;3460;;;;;;;;;;;;;;
1696895;;;3460;;;;;;;;;;;;;;
1695355;;;3460;;;;;;;;;;;;;;
1694965;;;3460;;;;;;;;;;;;;;
1692264;;;3460;;;;;;;;;;;;;;
1685601;;;3460;;;;;;;;;;;;;;
1665981;;;3460;;;;;;;;;;;;;;
1655928;;;3460;;;;;;;;;;;;;;
1655124;;;3460;;;;;;;;;;;;;;
1612567;;;3460;;;;;;;;;;;;;;
1739470;;;2830;;;;;;;;;;;;;;
1738639;;;2830;;;;;;;;;;;;;;
1736577;;;2830;;;;;;;;;;;;;;
1731385;;;2830;;;;;;;;;;;;;;
1730811;;;2830;;;;;;;;;;;;;;
1722053;;;2830;;;;;;;;;;;;;;
1710217;;;2830;;;;;;;;;;;;;;
1709447;;;2830;;;;;;;;;;;;;;
1696632;;;2830;;;;;;;;;;;;;;
1693855;;;2830;;;;;;;;;;;;;;
1610773;;;2830;;;;;;;;;;;;;;
1739546;;;2800;;;;;;;;;;;;;;
1739472;;;2800;;;;;;;;;;;;;;
1737419;;;2800;;;;;;;;;;;;;;
1737298;;;2800;;;;;;;;;;;;;;
1734677;;;2800;;;;;;;;;;;;;;
1733263;;;2800;;;;;;;;;;;;;;
1729376;;;2800;;;;;;;;;;;;;;
1727522;;;2800;;;;;;;;;;;;;;
1725894;;;2800;;;;;;;;;;;;;;
1725242;;;2800;;;;;;;;;;;;;;
1725114;;;2800;;;;;;;;;;;;;;
1723607;;;2800;;;;;;;;;;;;;;
1721234;;;2800;;;;;;;;;;;;;;
1716747;;;2800;;;;;;;;;;;;;;
1714889;;;2800;;;;;;;;;;;;;;
1714393;;;2800;;;;;;;;;;;;;;
1711169;;;2800;;;;;;;;;;;;;;
1710369;;;2800;;;;;;;;;;;;;;
1709468;;;2800;;;;;;;;;;;;;;
1709219;;;2800;;;;;;;;;;;;;;
1707472;;;2800;;;;;;;;;;;;;;
1706557;;;2800;;;;;;;;;;;;;;
1702495;;;2800;;;;;;;;;;;;;;
1701836;;;2800;;;;;;;;;;;;;;
1701123;;;2800;;;;;;;;;;;;;;
1700693;;;2800;;;;;;;;;;;;;;
1700624;;;2800;;;;;;;;;;;;;;
1695965;;;2800;;;;;;;;;;;;;;
1688427;;;2800;;;;;;;;;;;;;;
1674026;;;2800;;;;;;;;;;;;;;
1673166;;;2800;;;;;;;;;;;;;;
1663973;;;2800;;;;;;;;;;;;;;
1640040;;;2800;;;;;;;;;;;;;;
1604801;;;2800;;;;;;;;;;;;;;
1354680;;;2800;;;;;;;;;;;;;;
